time,S1,S2,S3,S4,S5,S6,constant_1,New_Calculation
0.1379,10.143,1.1243,1.1493,0.7275,0.2183,1.33,1.0,10.29804097
0.2759,6.9845,2.426,0.6174,0.9473,0.2214,0.186,1.0,7.6538334
0.4138,7.3271,2.4685,1.7287,0.1039,0.566,1.1456,1.0,8.3485653
0.5517,7.0252,1.8382,0.9091,0.457,0.3135,0.9807,1.0,8.03933494
0.6897,6.084,2.7645,1.65,0.3831,0.6469,0.5328,1.0,7.99067565
